0794209a9da3682e9a81d252b24c66a5,1
0b9d00aaf6ff6080c5fa8ea53ff624d6,1
0b9d4ced27b4e1481c87c6e12b835f1e,1
5fcb58f2d4d4e4f67893afbb469994ce,1
7d197a15835c164bd9bd2eefac0ab9b3,1
df3b2321ff5bb54458594a33011ae123,1
e0ccadd50e0f9730a0f8444197472cbb,2
0ce80c1d2591b300a728014eac1b406d,2
2da8aef2aa0f141bfa633c505b6e1292,2
71f5937e9cb98e88d27747f377e5b408,2
90765519428bab863145d141b66cb499,2
a56bf45743633de9189e005b12b0e11d,3
0619bf849d7bb1717b5bab0943e62061,3
32d822e35453df22620f4b866ca5adbe,3
55d504f158bb66bd4e95559e2f83ee74,3
95d00306f22876602986f293ede521b9,3
cdf531cdeb0e8556290d551f0ace744e,3
08da2b7c38027a9be936d393c36af5eb,4
1a86054dddc4c524c6f7c5044d458780,4
3bf9a8e381b4b477b7aabd8608f1933e,4
4d1083549d6d380eef0aa5878422fc49,4
375ab940b56ae7bcf0f89cb1a7af5d44,4
